Date,Nifty_Close,Gold_Close,Sentiment_Score
2021-05-17,14923.150390625,1867.5,0.0
2021-05-18,15108.099609375,1867.800048828125,-0.08174431024634289
2021-05-19,15030.150390625,1881.300048828125,-0.013598034789010253
2021-05-20,14906.0498046875,1881.800048828125,0.06442168933236263
2021-05-21,15175.2998046875,1876.699951171875,-0.09501224640456017
2021-05-24,15197.7001953125,1884.5999755859375,-0.18966727174057108
2021-05-25,15208.4501953125,1898.0999755859375,-0.16223274160669762
2021-05-26,15301.4501953125,1901.300048828125,-0.17240424410643265
2021-05-27,15337.849609375,1895.699951171875,-0.15769154427042398
2021-05-28,15435.650390625,1902.5,-0.2109403275752542
2021-05-31,15582.7998046875,1902.5,-0.12121912527390752
2021-06-01,15574.849609375,1902.9000244140625,-0.046689606055847536
2021-06-02,15576.2001953125,1907.5,-0.03494909640505854
2021-06-03,15690.349609375,1871.199951171875,0.060863008228331406
2021-06-04,15670.25,1889.800048828125,0.09634532360094974
2021-06-07,15751.650390625,1896.800048828125,0.02295836021278363
2021-06-08,15740.099609375,1892.199951171875,0.05379897645913688
2021-06-09,15635.349609375,1893.199951171875,-0.023925463293797376
2021-06-10,15737.75,1894.199951171875,0.05166723907373706
2021-06-11,15799.349609375,1877.4000244140625,0.04705466313165047
2021-06-14,15811.849609375,1864.0,0.03212808146542197
2021-06-15,15869.25,1854.5,-0.02117818470995779
2021-06-16,15767.5498046875,1859.5,0.08216893301335162
2021-06-17,15691.400390625,1773.800048828125,0.0671934656941538
2021-06-18,15683.349609375,1767.9000244140625,0.03162264624230843
2021-06-21,15746.5,1781.800048828125,0.005103129037759526
2021-06-22,15772.75,1776.300048828125,0.05157029396706104
2021-06-23,15686.9501953125,1782.300048828125,0.08108017448419913
2021-06-24,15790.4501953125,1775.5999755859375,0.11212123314309
2021-06-25,15860.349609375,1776.5999755859375,0.14223453931701985
2021-06-28,15814.7001953125,1779.5999755859375,0.30691293561390154
2021-06-29,15748.4501953125,1762.800048828125,0.2546796333511947
2021-06-30,15721.5,1770.800048828125,0.19826590640124253
2021-07-01,15680.0,1775.9000244140625,0.12234954137012938
2021-07-02,15722.2001953125,1782.5999755859375,0.16699284682638416
2021-07-05,15834.349609375,1782.5999755859375,0.24920982221524793
2021-07-06,15818.25,1793.5,0.22552106990084503
2021-07-07,15879.650390625,1801.5,0.14573540229375123
2021-07-08,15727.900390625,1799.5999755859375,0.0736908009284137
2021-07-09,15689.7998046875,1810.0,0.12551935595396932
2021-07-12,15692.599609375,1805.5,0.1807176715705231
2021-07-13,15812.349609375,1809.4000244140625,0.21559472065461027
2021-07-14,15853.9501953125,1824.300048828125,0.15109052569385933
2021-07-15,15924.2001953125,1828.4000244140625,0.1636618240751856
2021-07-16,15923.400390625,1814.5,0.1660902806356909
2021-07-19,15752.400390625,1808.699951171875,0.17658500520255238
2021-07-20,15632.099609375,1810.9000244140625,0.23855909675417486
2021-07-21,15632.099609375,1802.9000244140625,0.24384773265244825
2021-07-22,15824.0498046875,1805.0,0.28523723905947923
2021-07-23,15856.0498046875,1801.4000244140625,0.2745067266737556
2021-07-26,15824.4501953125,1798.699951171875,0.28245515458665454
2021-07-27,15746.4501953125,1799.5,0.31723785003000116
2021-07-28,15709.400390625,1799.5,0.18225839530846916
2021-07-29,15778.4501953125,1831.199951171875,0.14917139888057698
2021-07-30,15763.0498046875,1812.5999755859375,0.10676991631506602
2021-08-02,15885.150390625,1818.0999755859375,0.054374132668171746
2021-08-03,16130.75,1810.0999755859375,0.035362173113006656
2021-08-04,16258.7998046875,1810.5,0.15957047799394475
2021-08-05,16294.599609375,1805.0999755859375,0.08507224733305407
2021-08-06,16238.2001953125,1760.0,0.16335384743640027
2021-08-09,16258.25,1723.4000244140625,0.023371567233483756
2021-08-10,16280.099609375,1728.800048828125,0.0025164211774607592
2021-08-11,16282.25,1750.4000244140625,0.02322977297497933
2021-08-12,16364.400390625,1749.0,0.07625189428123783
2021-08-13,16529.099609375,1775.199951171875,0.13512013159892683
2021-08-16,16563.05078125,1786.9000244140625,0.19593534946326074
2021-08-17,16614.599609375,1785.0,0.16060558550086124
2021-08-18,16568.849609375,1781.5999755859375,0.11909731023187375
2021-08-19,16568.849609375,1780.199951171875,0.18662037310478383
2021-08-20,16450.5,1781.0,0.16488284571944894
2021-08-23,16496.44921875,1803.199951171875,0.05821663310065418
2021-08-24,16624.599609375,1805.5999755859375,-0.028442287911553454
2021-08-25,16634.650390625,1788.199951171875,-0.09098044946978015
2021-08-26,16636.900390625,1792.199951171875,-0.03510608612256154
2021-08-27,16705.19921875,1816.5999755859375,-0.01200087242366317
2021-08-30,16931.05078125,1809.0,0.05317945667521122
2021-08-31,17132.19921875,1815.0,0.023804238062876543
2021-09-01,17076.25,1813.0999755859375,0.04371949084889045
2021-09-02,17234.150390625,1808.699951171875,0.09948178758123272
2021-09-03,17323.599609375,1830.9000244140625,0.07606348767475843
2021-09-06,17377.80078125,1830.9000244140625,0.1158828625111996
2021-09-07,17362.099609375,1795.9000244140625,0.06309418141108439
2021-09-08,17353.5,1790.699951171875,0.0385110635529332
2021-09-09,17369.25,1797.4000244140625,0.01447167854099933
2021-09-10,17369.25,1789.5999755859375,-0.07270178931771108
2021-09-13,17355.30078125,1792.0,-0.01820641055734308
2021-09-14,17380.0,1804.699951171875,-0.04451156267667332
2021-09-15,17519.44921875,1792.4000244140625,-0.030092421287217702
2021-09-16,17629.5,1754.5999755859375,0.020700629746124077
2021-09-17,17585.150390625,1749.4000244140625,0.0647593026019949
2021-09-20,17396.900390625,1761.800048828125,0.12286696136083311
2021-09-21,17562.0,1776.0,0.11528077945170395
2021-09-22,17546.650390625,1776.699951171875,0.08237993376262182
2021-09-23,17822.94921875,1747.699951171875,0.07966007408150241
2021-09-24,17853.19921875,1749.699951171875,-0.05138994789274773
2021-09-27,17855.099609375,1750.0,-0.15267763368150034
2021-09-28,17748.599609375,1735.800048828125,-0.2358496732639582
2021-09-29,17711.30078125,1721.5,-0.2862731049325995
2021-09-30,17618.150390625,1755.300048828125,-0.22084334183694368
2021-10-01,17532.05078125,1757.0,-0.2650115779717338
2021-10-04,17691.25,1766.199951171875,-0.2634053875526612
2021-10-05,17822.30078125,1759.5999755859375,-0.12768177872192799
2021-10-06,17646.0,1760.5,-0.13520180180218383
2021-10-07,17790.349609375,1757.9000244140625,-0.05456523380926198
2021-10-08,17895.19921875,1756.300048828125,-0.11401864225599129
2021-10-11,17945.94921875,1754.5999755859375,-0.1104107814163105
2021-10-12,17991.94921875,1758.300048828125,-0.16660874916261817
2021-10-13,18161.75,1793.699951171875,-0.16938323257795346
2021-10-14,18338.55078125,1796.699951171875,-0.07754096767762667
2021-10-15,18338.55078125,1767.199951171875,-0.19840991672928318
2021-10-18,18477.05078125,1764.800048828125,-0.13662441727479024
2021-10-19,18418.75,1769.699951171875,-0.0954724429488967
2021-10-20,18266.599609375,1784.0999755859375,-0.12412016637508519
2021-10-21,18178.099609375,1781.199951171875,-0.2185864563461176
2021-10-22,18114.900390625,1795.5,-0.18399926800678945
2021-10-25,18125.400390625,1806.0,-0.20026871113642816
2021-10-26,18268.400390625,1792.699951171875,-0.15422403321797093
2021-10-27,18210.94921875,1797.9000244140625,-0.12869087548294356
2021-10-28,17857.25,1801.5999755859375,0.021230672395229466
2021-10-29,17671.650390625,1783.0,0.011903558349867838
2021-11-01,17929.650390625,1795.0999755859375,-0.05937399542946245
2021-11-02,17888.94921875,1788.699951171875,-0.02869384066799019
2021-11-03,17829.19921875,1763.5999755859375,0.002822150179843025
2021-11-04,17916.80078125,1793.0,0.122983605059607
2021-11-05,17916.80078125,1816.4000244140625,0.1916364136945033
2021-11-08,18068.55078125,1827.4000244140625,0.21656706082639668
2021-11-09,18044.25,1830.199951171875,0.3280459797671079
2021-11-10,18017.19921875,1847.5999755859375,0.21846838279858727
2021-11-11,17873.599609375,1863.199951171875,0.16160388225312214
2021-11-12,18102.75,1867.9000244140625,0.08636744724753188
2021-11-15,18109.44921875,1866.0999755859375,0.06011496520295154
2021-11-16,17999.19921875,1853.5999755859375,-0.9301470971837685
2021-11-17,17898.650390625,1869.699951171875,0.023170317157544307
2021-11-18,17764.80078125,1861.0,0.015445126975009466
2021-11-19,17764.80078125,1851.199951171875,-0.09152945431572931
2021-11-22,17416.55078125,1806.0,-0.15350973177270558
2021-11-23,17503.349609375,1783.5,-0.10418711538359401
2021-11-24,17415.05078125,1784.0999755859375,-0.01682537782495022
2021-11-25,17536.25,1784.0999755859375,0.15625055347005873
2021-11-26,17026.44921875,1785.300048828125,0.3888645956458987
2021-11-29,17053.94921875,1782.300048828125,0.4029258025860578
2021-11-30,16983.19921875,1773.5999755859375,0.3035577096028691
2021-12-01,17166.900390625,1781.5999755859375,0.1207486811665964
2021-12-02,17401.650390625,1760.699951171875,0.14455413251762544
2021-12-03,17196.69921875,1782.0,0.08001094845766586
2021-12-06,16912.25,1777.5,0.052444797732784154
2021-12-07,17176.69921875,1782.5999755859375,0.011350513599650308
2021-12-08,17469.75,1783.4000244140625,0.011252848157709466
2021-12-09,17516.849609375,1774.5999755859375,0.10770815314866064
2021-12-10,17511.30078125,1782.9000244140625,0.12373483304027807
2021-12-13,17368.25,1786.300048828125,0.11322590287599935
2021-12-14,17324.900390625,1770.4000244140625,0.0333962347703691
2021-12-15,17221.400390625,1762.5999755859375,-0.9537556976071732
2021-12-16,17248.400390625,1796.5999755859375,-0.11070404634198419
2021-12-17,16985.19921875,1803.800048828125,-0.09407625386158322
2021-12-20,16614.19921875,1793.699951171875,0.06695383114851342
2021-12-21,16770.849609375,1787.9000244140625,0.08408346201889355
2021-12-22,16955.44921875,1801.5999755859375,0.1680331713946842
2021-12-23,17072.599609375,1811.199951171875,0.12669621148247068
2021-12-24,17003.75,1811.199951171875,0.03380533831725739
2021-12-27,17086.25,1808.0999755859375,-0.0340782532707814
2021-12-28,17233.25,1810.199951171875,-0.07735118136778843
2021-12-29,17213.599609375,1805.0999755859375,0.11112097890845057
2021-12-30,17203.94921875,1812.699951171875,0.04851331498390757
2021-12-31,17354.05078125,1827.5,0.12368966882338055
2022-01-03,17625.69921875,1799.4000244140625,0.053522811660984854
2022-01-04,17805.25,1814.0,0.13571240152233643
2022-01-05,17925.25,1824.5999755859375,0.16757902054032736
2022-01-06,17745.900390625,1788.699951171875,0.153550039632003
2022-01-07,17812.69921875,1797.0,0.1498931260251077
2022-01-10,18003.30078125,1798.4000244140625,0.09738535338765676
2022-01-11,18055.75,1818.5999755859375,0.13712448006781722
2022-01-12,18212.349609375,1827.199951171875,0.10157639426744342
2022-01-13,18257.80078125,1821.199951171875,0.007197633524113983
2022-01-14,18255.75,1816.5,-0.0838432193434838
2022-01-17,18308.099609375,1816.5,-0.051585719334392294
2022-01-18,18113.05078125,1812.300048828125,0.09058338901066784
2022-01-19,17938.400390625,1843.0999755859375,0.10782183709848252
2022-01-20,17757.0,1842.5,0.1013605553391643
2022-01-21,17617.150390625,1831.800048828125,0.12774197873422602
2022-01-24,17149.099609375,1841.699951171875,0.23359448891261733
2022-01-25,17277.94921875,1852.699951171875,0.24401572171646077
2022-01-26,17277.94921875,1829.9000244140625,0.20314385332099796
2022-01-27,17110.150390625,1793.300048828125,0.2868833022583629
2022-01-28,17101.94921875,1784.9000244140625,0.30968422608857216
2022-01-31,17339.849609375,1795.0,0.419183176235452
2022-02-01,17576.849609375,1800.300048828125,0.41168154889349784
2022-02-02,17780.0,1809.199951171875,0.2921237677536053
2022-02-03,17560.19921875,1803.0,0.17059432361953103
2022-02-04,17516.30078125,1806.5999755859375,0.3002720716989915
2022-02-07,17213.599609375,1820.5999755859375,0.4253514313902266
2022-02-08,17266.75,1826.5999755859375,0.388125402224917
2022-02-09,17463.80078125,1835.199951171875,0.3375387118384605
2022-02-10,17605.849609375,1836.199951171875,0.43852314551544086
2022-02-11,17374.75,1840.800048828125,0.3259022453628079
2022-02-14,16842.80078125,1868.0,0.2392280925765709
2022-02-15,17352.44921875,1854.800048828125,0.2824827274638527
2022-02-16,17322.19921875,1870.199951171875,0.2391919612162552
2022-02-17,17304.599609375,1900.699951171875,0.2304716172662744
2022-02-18,17276.30078125,1898.5999755859375,0.20973070108306505
2022-02-21,17206.650390625,1898.5999755859375,0.23067692400150636
2022-02-22,17092.19921875,1906.0999755859375,0.33548549636749053
2022-02-23,17063.25,1909.199951171875,0.326502086257263
2022-02-24,16247.9501953125,1925.0999755859375,0.3624491221398115
2022-02-25,16658.400390625,1886.5,0.17993399380450514
2022-02-28,16793.900390625,1899.4000244140625,0.17207785519368438
2022-03-01,16793.900390625,1942.4000244140625,0.10122976056604921
2022-03-02,16605.94921875,1920.9000244140625,0.005942417089044277
2022-03-03,16498.05078125,1934.4000244140625,-0.054530526526281375
2022-03-04,16245.349609375,1965.0999755859375,-0.06670572776047379
2022-03-07,15863.150390625,1993.9000244140625,0.02203180029936798
2022-03-08,16013.4501953125,2040.0999755859375,-0.07577761242796155
2022-03-09,16345.349609375,1985.9000244140625,-0.05726559928365521
2022-03-10,16594.900390625,1998.0999755859375,-0.08148482534101115
2022-03-11,16630.44921875,1982.699951171875,-0.09131394415022887
2022-03-14,16871.30078125,1959.5999755859375,0.006009674598243059
2022-03-15,16663.0,1928.5,0.058307026095531594
2022-03-16,16975.349609375,1908.0,0.17029330173993307
2022-03-17,17287.05078125,1942.0999755859375,0.15389756292011944
2022-03-18,17287.05078125,1928.199951171875,0.09542681768322683
2022-03-21,17117.599609375,1928.5999755859375,0.07932783000979893
2022-03-22,17315.5,1920.699951171875,0.10175171648014014
2022-03-23,17245.650390625,1936.5999755859375,0.11703344291131003
2022-03-24,17222.75,1961.5999755859375,0.030140468295442494
2022-03-25,17153.0,1953.800048828125,0.044113044573366594
2022-03-28,17222.0,1939.5999755859375,0.06790992349490173
2022-03-29,17325.30078125,1912.0,0.2728648810455875
2022-03-30,17498.25,1933.5,0.4100944150467412
2022-03-31,17464.75,1949.199951171875,0.31785903873528076
2022-04-01,17670.44921875,1919.0999755859375,0.27819095067959154
2022-04-04,18053.400390625,1929.199951171875,0.14753045470419557
2022-04-05,17957.400390625,1922.9000244140625,0.09705961855512858
2022-04-06,17807.650390625,1918.4000244140625,0.12304862438766809
2022-04-07,17639.55078125,1933.800048828125,0.21809481317308965
2022-04-08,17784.349609375,1941.5999755859375,0.15065793240956293
2022-04-11,17674.94921875,1944.300048828125,0.0945258323073376
2022-04-12,17530.30078125,1972.0999755859375,-0.0766530444258645
2022-04-13,17475.650390625,1981.0,-0.07545446752245574
2022-04-14,17475.650390625,1970.9000244140625,-0.14641912093433113
2022-04-18,17173.650390625,1982.9000244140625,-0.1691568195687279
2022-04-19,16958.650390625,1955.699951171875,-0.21795816973472987
2022-04-20,17136.55078125,1952.300048828125,-0.8917269790415454
2022-04-21,17392.599609375,1944.9000244140625,-0.31729368751542353
2022-04-22,17171.94921875,1931.0,-0.40173009833647677
2022-04-25,16953.94921875,1893.199951171875,-0.19180005514596304
2022-04-26,17200.80078125,1901.4000244140625,-0.27209053892454915
2022-04-27,17038.400390625,1885.9000244140625,-0.33080006372589277
2022-04-28,17245.05078125,1888.699951171875,-0.15021082108643244
2022-04-29,17102.55078125,1909.300048828125,0.1012889760255996
2022-05-02,17069.099609375,1861.800048828125,0.006442822722952893
2022-05-03,17069.099609375,1868.800048828125,-0.01664614380728971
2022-05-04,16677.599609375,1867.0,0.018799800912080958
2022-05-05,16682.650390625,1874.0,0.16228423248263146
2022-05-06,16411.25,1881.199951171875,0.07694769743389229
2022-05-09,16301.849609375,1857.0999755859375,0.05766596950062395
2022-05-10,16240.0498046875,1839.9000244140625,0.12163694851100298
2022-05-11,16167.099609375,1852.5999755859375,0.15298486257141275
2022-05-12,15808.0,1823.800048828125,0.11685091326986109
2022-05-13,15782.150390625,1807.4000244140625,0.10289348721431411
2022-05-16,15842.2998046875,1813.5,-0.009334586673412373
2022-05-17,16259.2998046875,1818.199951171875,-0.021748627545190177
2022-05-18,16240.2998046875,1815.9000244140625,-0.035529176927382125
2022-05-19,15809.400390625,1841.199951171875,-0.008425768496554645
2022-05-20,16266.150390625,1841.800048828125,-0.04659401264420503
2022-05-23,16214.7001953125,1847.800048828125,0.00033632584189763337
2022-05-24,16125.150390625,1865.0999755859375,0.08670176947566631
2022-05-25,16025.7998046875,1846.199951171875,0.097469901661983
2022-05-26,16170.150390625,1847.4000244140625,0.12297709752451122
2022-05-27,16352.4501953125,1851.300048828125,0.12244949511538986
2022-05-30,16661.400390625,1851.300048828125,0.11761181125229307
2022-05-31,16584.55078125,1842.699951171875,0.055322669152325796
2022-06-01,16522.75,1843.300048828125,0.08095330776230993
2022-06-02,16628.0,1866.5,0.07132304685110061
2022-06-03,16584.30078125,1845.4000244140625,0.2375911845766701
2022-06-06,16569.55078125,1839.199951171875,0.3488639589387624
2022-06-07,16416.349609375,1847.5,0.35612498875681814
2022-06-08,16356.25,1851.9000244140625,0.27078317610698055
2022-06-09,16478.099609375,1848.800048828125,0.16421031419273063
2022-06-10,16201.7998046875,1871.5,0.25033719810001537
2022-06-13,15774.400390625,1828.0,0.2551916224608771
2022-06-14,15732.099609375,1809.5,0.2769380534908902
2022-06-15,15692.150390625,1815.300048828125,0.11885489257687543
2022-06-16,15360.599609375,1845.699951171875,0.18706847368074445
2022-06-17,15293.5,1835.5999755859375,0.21187131690303032
2022-06-20,15350.150390625,1835.5999755859375,0.10938932989221598
2022-06-21,15638.7998046875,1834.5999755859375,0.06610554057405879
2022-06-22,15413.2998046875,1834.300048828125,0.0849906840682118
2022-06-23,15556.650390625,1825.699951171875,0.08535156310912259
2022-06-24,15699.25,1826.5,0.057998834047713846
2022-06-27,15832.0498046875,1820.9000244140625,0.047814989821029094
2022-06-28,15850.2001953125,1817.5,0.02645250026390074
2022-06-29,15799.099609375,1813.699951171875,0.03904773062967987
2022-06-30,15780.25,1804.0999755859375,0.15603499332410234
2022-07-01,15752.0498046875,1798.9000244140625,-0.05950368908695025
2022-07-04,15835.349609375,1798.9000244140625,-0.071529767824506
2022-07-05,15810.849609375,1761.800048828125,-0.049640093657165894
2022-07-06,15989.7998046875,1734.9000244140625,-0.020058608609586262
2022-07-07,16132.900390625,1737.9000244140625,-0.046392050222112374
2022-07-08,16220.599609375,1740.5999755859375,-0.18151928541808066
2022-07-11,16216.0,1730.0,-0.139175013071156
2022-07-12,16058.2998046875,1723.300048828125,0.01161389451839448
2022-07-13,15966.650390625,1734.199951171875,-0.11067357934379166
2022-07-14,15938.650390625,1704.5,-0.031479368100652154
2022-07-15,16049.2001953125,1702.4000244140625,-0.054125535020284526
2022-07-18,16278.5,1709.199951171875,-0.05370062578457731
2022-07-19,16340.5498046875,1710.0,-0.13275242395301443
2022-07-20,16520.849609375,1699.5,-0.1481215557894929
2022-07-21,16605.25,1712.699951171875,-0.031618032430854634
2022-07-22,16719.44921875,1727.0999755859375,0.01805706299321568
2022-07-25,16631.0,1719.0,0.155613611875159
2022-07-26,16483.849609375,1717.699951171875,0.23765657242148142
2022-07-27,16641.80078125,1719.0999755859375,0.2539529640894353
2022-07-28,16929.599609375,1750.300048828125,0.3732163398626899
2022-07-29,17158.25,1762.9000244140625,0.37842619774232716
2022-08-01,17340.05078125,1769.0,0.414221734914822
2022-08-02,17345.44921875,1771.0999755859375,0.35707178109396953
2022-08-03,17388.150390625,1758.0,0.3334260744768012
2022-08-04,17382.0,1788.5,0.2504374005507699
2022-08-05,17397.5,1772.9000244140625,0.30893143741791546
2022-08-08,17525.099609375,1786.800048828125,0.1891980029196977
2022-08-09,17525.099609375,1794.0,0.23577868757273093
2022-08-10,17534.75,1795.5999755859375,0.20067601454452574
2022-08-11,17659.0,1789.699951171875,0.27721670943757354
2022-08-12,17698.150390625,1798.5999755859375,0.3138873062494535
2022-08-15,17698.150390625,1781.4000244140625,0.43308994956857627
2022-08-16,17825.25,1773.199951171875,0.45545031064128505
2022-08-17,17944.25,1760.300048828125,0.2916804303646144
2022-08-18,17956.5,1755.300048828125,0.2613030380766343
2022-08-19,17758.44921875,1747.5999755859375,0.14483560512094512
2022-08-22,17490.69921875,1734.0,0.08986801382135781
2022-08-23,17577.5,1746.800048828125,0.201542931236542
2022-08-24,17604.94921875,1747.800048828125,0.2342729160502186
2022-08-25,17522.44921875,1757.699951171875,0.15735219557206426
2022-08-26,17558.900390625,1736.0999755859375,0.06128722325164495
2022-08-29,17312.900390625,1736.5999755859375,0.056512674715314196
2022-08-30,17759.30078125,1723.199951171875,-0.04794178557423266
2022-08-31,17759.30078125,1712.800048828125,-0.10052055028144449
2022-09-01,17542.80078125,1696.5999755859375,-0.07035502889837206
2022-09-02,17539.44921875,1709.800048828125,0.02474772765131222
2022-09-05,17665.80078125,1709.800048828125,0.06840476768659354
2022-09-06,17655.599609375,1700.4000244140625,-0.12354799675295801
2022-09-07,17624.400390625,1715.300048828125,-0.09260490512041718
2022-09-08,17798.75,1708.0,-0.08283646805162641
2022-09-09,17833.349609375,1716.199951171875,-0.046613203840393434
2022-09-12,17936.349609375,1728.0999755859375,0.08278584653101022
2022-09-13,18070.05078125,1705.0,-0.09263442723001931
2022-09-14,18003.75,1696.5,-0.13636150291949656
2022-09-15,17877.400390625,1665.4000244140625,-0.08214048274984295
2022-09-16,17530.849609375,1671.699951171875,-0.20616767966290644
2022-09-19,17622.25,1666.199951171875,-0.07577931997948734
2022-09-20,17816.25,1659.699951171875,-0.04453912577313004
2022-09-21,17718.349609375,1664.5999755859375,0.022350744270816014
2022-09-22,17629.80078125,1670.800048828125,-0.029621671882540605
2022-09-23,17327.349609375,1645.300048828125,0.033231832480613094
2022-09-26,17016.30078125,1623.300048828125,0.1113256589886808
2022-09-27,17007.400390625,1626.699951171875,0.1162169139833853
2022-09-28,16858.599609375,1660.4000244140625,0.12073157023674372
2022-09-29,16818.099609375,1658.5,0.12765377801952588
2022-09-30,17094.349609375,1662.4000244140625,0.043220939638987835
2022-10-03,16887.349609375,1692.9000244140625,0.022702350331337412
2022-10-04,17274.30078125,1721.0999755859375,0.003320529633434724
2022-10-05,17274.30078125,1711.4000244140625,0.02825786026906353
2022-10-06,17331.80078125,1711.699951171875,0.10041044312690033
2022-10-07,17314.650390625,1700.5,0.0020183250446229456
2022-10-10,17241.0,1667.300048828125,-0.013923393781109052
2022-10-11,16983.55078125,1678.699951171875,0.09982480018878412
2022-10-12,17123.599609375,1670.300048828125,0.02636759859396283
2022-10-13,17014.349609375,1670.0,-0.04760744526827719
2022-10-14,17185.69921875,1641.699951171875,-0.03380089205558148
2022-10-17,17311.80078125,1657.0,0.030167135268294953
2022-10-18,17486.94921875,1649.0,0.02228125915971263
2022-10-19,17512.25,1627.5,0.12032988592526205
2022-10-20,17563.94921875,1630.800048828125,0.17266277368308794
2022-10-21,17576.30078125,1651.0,0.2195132159597225
2022-10-24,17730.75,1648.699951171875,0.23950206463727153
2022-10-25,17656.349609375,1652.800048828125,0.39967809775078095
2022-10-26,17656.349609375,1664.0,0.3443188759521135
2022-10-27,17736.94921875,1660.699951171875,0.14942421000525385
2022-10-28,17786.80078125,1639.5999755859375,0.258648580437846
2022-10-31,18012.19921875,1635.9000244140625,0.19408470200849398
2022-11-01,18145.400390625,1645.0,0.17983901023883375
2022-11-02,18082.849609375,1645.699951171875,0.26277397037734224
2022-11-03,18052.69921875,1627.300048828125,0.1060373926283565
2022-11-04,18117.150390625,1672.5,-0.010202487433075197
2022-11-07,18202.80078125,1676.5,-0.14520413272919735
2022-11-08,18202.80078125,1712.0999755859375,-0.2049240870344132
2022-11-09,18157.0,1710.0999755859375,-0.16125365187361562
2022-11-10,18028.19921875,1750.300048828125,-0.11440104893421929
2022-11-11,18349.69921875,1766.0,-0.09121729314995705
2022-11-14,18329.150390625,1773.5999755859375,-0.2050982299856039
2022-11-15,18403.400390625,1773.800048828125,-0.38174171629190345
2022-11-16,18409.650390625,1773.0,-0.3551824071415674
2022-11-17,18343.900390625,1760.800048828125,-0.3729226744521965
2022-11-18,18307.650390625,1751.9000244140625,-0.31483444721226894
2022-11-21,18159.94921875,1737.4000244140625,-0.24207072224338072
2022-11-22,18244.19921875,1738.300048828125,-0.22030713665533885
2022-11-23,18267.25,1744.9000244140625,-0.15061455718182137
2022-11-24,18484.099609375,1744.9000244140625,-0.12905155054340534
2022-11-25,18512.75,1753.300048828125,-0.08522491797526377
2022-11-28,18562.75,1740.0999755859375,-0.14376221654639315
2022-11-29,18618.05078125,1748.4000244140625,-0.1556895019578033
2022-11-30,18758.349609375,1746.0,-0.13662867061352937
2022-12-01,18812.5,1801.0999755859375,-0.06926872341392007
2022-12-02,18696.099609375,1795.9000244140625,-0.10451448559641564
2022-12-05,18701.05078125,1767.4000244140625,-0.06382238113596228
2022-12-06,18642.75,1769.300048828125,-0.08941971718442854
2022-12-07,18560.5,1785.5,-0.10117823757586597
2022-12-08,18609.349609375,1788.699951171875,-0.03630298680003795
2022-12-09,18496.599609375,1798.0999755859375,-0.20249501561206001
2022-12-12,18497.150390625,1780.5,-0.29973463776118076
2022-12-13,18608.0,1813.9000244140625,-0.40412122078801216
2022-12-14,18660.30078125,1807.5,-0.5683394995899423
2022-12-15,18414.900390625,1777.199951171875,-0.5870594194530527
2022-12-16,18269.0,1790.0,-0.4901321830717546
2022-12-19,18420.44921875,1787.699951171875,-0.48376992798579516
2022-12-20,18385.30078125,1815.9000244140625,-0.43936714095207474
2022-12-21,18199.099609375,1815.9000244140625,-0.32726585156963184
2022-12-22,18127.349609375,1787.0,-0.2051176847550482
2022-12-23,17806.80078125,1795.9000244140625,-0.20454884342164797
2022-12-26,18014.599609375,1795.9000244140625,-0.09026818095603899
2022-12-27,18132.30078125,1814.800048828125,-0.0861063125162014
2022-12-28,18122.5,1807.9000244140625,-0.15669800609946286
2022-12-29,18191.0,1819.5,-0.20226017035057764
2022-12-30,18105.30078125,1819.699951171875,-0.315124898674792
2023-01-02,18197.44921875,1819.699951171875,-0.3716238835839859
2023-01-03,18232.55078125,1839.699951171875,-0.3812482219468565
2023-01-04,18042.94921875,1852.800048828125,-0.29722811494772383
2023-01-05,17992.150390625,1834.800048828125,-0.14660745763000754
2023-01-06,17859.44921875,1864.199951171875,-0.2563241694990901
2023-01-09,18101.19921875,1872.699951171875,-0.2153134125669812
2023-01-10,17914.150390625,1871.5999755859375,-0.29230278882745947
2023-01-11,17895.69921875,1874.5999755859375,-0.24196226136790683
2023-01-12,17858.19921875,1895.5,-0.2441591678109913
2023-01-13,17956.599609375,1918.4000244140625,-0.3822123078434357
2023-01-16,17894.849609375,1918.4000244140625,-0.28853037852296376
2023-01-17,18053.30078125,1907.199951171875,-0.32505117802315336
2023-01-18,18165.349609375,1904.4000244140625,-0.35300558044482877
2023-01-19,18107.849609375,1922.0999755859375,-0.4216340519824548
2023-01-20,18027.650390625,1926.4000244140625,-0.4515759011733921
2023-01-23,18118.55078125,1927.0999755859375,-0.3925886259788497
2023-01-24,18118.30078125,1933.9000244140625,-0.3877301672946208
2023-01-25,17891.94921875,1941.199951171875,-0.34186585716416695
2023-01-26,17891.94921875,1929.0999755859375,-0.29704680681059037
2023-01-27,17604.349609375,1928.5999755859375,-0.17914991976758848
2023-01-30,17648.94921875,1922.9000244140625,-0.2037953485537401
2023-01-31,17662.150390625,1929.5,-0.31722853034770937
2023-02-01,17616.30078125,1927.800048828125,-0.2180932034707868
2023-02-02,17610.400390625,1916.300048828125,-0.23881702183582074
2023-02-03,17854.05078125,1862.9000244140625,-0.14222686188926348
2023-02-06,17764.599609375,1866.199951171875,-0.11189041937901766
2023-02-07,17721.5,1871.699951171875,-0.12517024075422184
2023-02-08,17871.69921875,1877.4000244140625,-0.09902167572885653
2023-02-09,17893.44921875,1866.199951171875,0.05318797044115428
2023-02-10,17856.5,1862.800048828125,0.20327342424306066
2023-02-13,17770.900390625,1851.9000244140625,0.1807203431265545
2023-02-14,17929.849609375,1854.0,0.16721363137427905
2023-02-15,18015.849609375,1834.199951171875,0.22804990336300524
2023-02-16,18035.849609375,1842.0,0.13024677751460653
2023-02-17,17944.19921875,1840.4000244140625,0.1345471326954238
2023-02-20,17844.599609375,1840.4000244140625,0.10977064154911265
2023-02-21,17826.69921875,1833.0,0.11414091709050841
2023-02-22,17554.30078125,1832.0,0.02636349635090951
2023-02-23,17511.25,1818.0,-0.11490241255555078
2023-02-24,17465.80078125,1808.800048828125,-0.28355398360326833
2023-02-27,17392.69921875,1817.0,-0.3622780138839268
2023-02-28,17303.94921875,1828.9000244140625,-0.38201881639460433
2023-03-01,17450.900390625,1837.699951171875,-0.3869519288053985
2023-03-02,17321.900390625,1833.5,-0.21306571036345517
2023-03-03,17594.349609375,1847.699951171875,-0.11959741810807145
2023-03-06,17711.44921875,1847.9000244140625,-0.1990602199328623
2023-03-07,17711.44921875,1813.9000244140625,-0.1673877697524303
2023-03-08,17754.400390625,1812.699951171875,-0.19863665363960392
2023-03-09,17589.599609375,1829.300048828125,-0.21757194277219966
2023-03-10,17412.900390625,1862.0,-0.19741958214507582
2023-03-13,17154.30078125,1911.699951171875,-0.1441729696574769
2023-03-14,17043.30078125,1906.199951171875,-0.17186051514611458
2023-03-15,16972.150390625,1926.5999755859375,-0.08508318078326109
2023-03-16,16985.599609375,1919.0,-0.1817090033062975
2023-03-17,17100.05078125,1969.800048828125,-0.1787392308913201
2023-03-20,16988.400390625,1979.199951171875,0.031304214092872734
2023-03-21,17107.5,1938.0,0.03458228073103459
2023-03-22,17151.900390625,1946.800048828125,0.13441563334558812
2023-03-23,17076.900390625,1993.800048828125,0.11893465524930436
2023-03-24,16945.05078125,1982.0999755859375,0.14384172538899742
2023-03-27,16985.69921875,1952.4000244140625,-0.937376170609676
2023-03-28,16951.69921875,1972.4000244140625,0.08084912762516122
2023-03-29,17080.69921875,1966.0999755859375,1.6118505111989423e-05
2023-03-30,17080.69921875,1980.300048828125,0.02244598901522335
2023-03-31,17359.75,1969.0,-0.05945094798013395
2023-04-03,17398.05078125,1983.9000244140625,-0.013410543827085786
2023-04-04,17398.05078125,2022.199951171875,0.06253968627046305
2023-04-05,17557.05078125,2020.9000244140625,0.07493149009649558
2023-04-06,17599.150390625,2011.9000244140625,0.03412869965677154
2023-04-10,17624.05078125,1989.0999755859375,0.05582755837442585
2023-04-11,17722.30078125,2004.800048828125,0.014800816181849863
2023-04-12,17812.400390625,2010.9000244140625,0.07661634209190729
2023-04-13,17828.0,2041.300048828125,-0.08784600304496915
2023-04-14,17828.0,2002.199951171875,-0.1194627241503092
2023-04-17,17706.849609375,1994.199951171875,-0.2809406295881052
2023-04-18,17660.150390625,2007.4000244140625,-0.38981325468307637
2023-04-19,17618.75,1995.199951171875,-0.2612341662087915
2023-04-20,17624.44921875,2007.5999755859375,-0.18040642447714633
2023-04-21,17624.05078125,1979.5,-0.23518786047910883
2023-04-24,17743.400390625,1989.0999755859375,-0.34819728477804335
2023-04-25,17769.25,1994.0,-0.5690955381637154
2023-04-26,17813.599609375,1985.699951171875,-0.5786057275529732
2023-04-27,17915.05078125,1989.9000244140625,-0.35020763617749623
2023-04-28,18065.0,1990.0999755859375,-0.2988881439644584
2023-05-01,18065.0,1983.4000244140625,-0.3311939482652101
2023-05-02,18147.650390625,2014.300048828125,-0.27890522451825506
2023-05-03,18089.849609375,2028.5999755859375,-0.3928437465754796
2023-05-04,18255.80078125,2048.0,-0.3965363811744794
2023-05-05,18069.0,2017.4000244140625,-0.3681484660651293
2023-05-08,18264.400390625,2026.300048828125,-0.3568357003161259
2023-05-09,18265.94921875,2036.199951171875,-0.27623222232012
2023-05-10,18315.099609375,2030.5,-0.2377256488441428
2023-05-11,18297.0,2014.699951171875,-0.17635984297038756
2023-05-12,18314.80078125,2014.5,-0.22839282535589828
2023-05-15,18398.849609375,2018.0,-0.14932077270666388
2023-05-16,18286.5,1988.4000244140625,-0.01803634343946524
2023-05-17,18181.75,1980.699951171875,-0.10513213625470494
2023-05-18,18129.94921875,1956.5,-0.17861347958977117
2023-05-19,18203.400390625,1978.699951171875,-0.06828641660189622
2023-05-22,18314.400390625,1974.800048828125,-0.08890326728940297
2023-05-23,18348.0,1972.4000244140625,0.019795990357902
2023-05-24,18285.400390625,1962.800048828125,-0.02785472320311211
2023-05-25,18321.150390625,1943.0999755859375,0.08016866370776168
2023-05-26,18499.349609375,1944.0999755859375,0.07372193663459603
2023-05-29,18598.650390625,1944.0999755859375,0.07798791805128363
2023-05-30,18633.849609375,1958.0,0.1864902732928242
2023-05-31,18534.400390625,1963.9000244140625,0.13225285782257531
2023-06-01,18487.75,1978.0,0.03606677932060334
2023-06-02,18534.099609375,1952.4000244140625,-0.012958338773411224
2023-06-05,18593.849609375,1958.0,0.014072812480142805
2023-06-06,18599.0,1965.5,-0.12244260474323265
2023-06-07,18726.400390625,1942.699951171875,-0.07171407286746936
2023-06-08,18634.55078125,1963.5999755859375,-0.1190779371900073
2023-06-09,18563.400390625,1962.199951171875,-0.027659770022759544
2023-06-12,18601.5,1955.300048828125,-0.2268537555254348
2023-06-13,18716.150390625,1944.5999755859375,-0.28142859428381883
2023-06-14,18755.900390625,1955.300048828125,-0.4035606493446754
2023-06-15,18688.099609375,1957.800048828125,-0.44703314384284204
2023-06-16,18826.0,1958.4000244140625,-0.40104539990607235
2023-06-19,18755.44921875,1958.4000244140625,-0.39281636667994013
2023-06-20,18816.69921875,1935.5,-0.39110512595305635
2023-06-21,18856.849609375,1933.300048828125,-0.3819218751566441
2023-06-22,18771.25,1912.699951171875,-0.3443930609678013
2023-06-23,18665.5,1919.0999755859375,-0.40674524604153245
2023-06-26,18691.19921875,1923.699951171875,-0.3268022862976153
2023-06-27,18817.400390625,1914.0,-0.2567124818392594
2023-06-28,18972.099609375,1912.300048828125,-0.21436227670719482
2023-06-29,18972.099609375,1909.199951171875,-0.16160177473278536
2023-06-30,19189.05078125,1921.0999755859375,-0.1337918376264542
2023-07-03,19322.55078125,1921.699951171875,0.030966069635080168
2023-07-04,19389.0,1921.699951171875,0.012851110154141338
2023-07-05,19398.5,1919.5999755859375,-0.021331797469303693
2023-07-06,19497.30078125,1908.699951171875,-0.0884128351300722
2023-07-07,19331.80078125,1926.199951171875,-0.17234261103126958
2023-07-10,19355.900390625,1925.0,-0.2664503564666632
2023-07-11,19439.400390625,1931.300048828125,-0.3244903627037671
2023-07-12,19384.30078125,1956.199951171875,-0.31235187645010876
2023-07-13,19413.75,1959.199951171875,-0.2686997230472151
2023-07-14,19564.5,1960.0999755859375,-0.25110452265435823
2023-07-17,19711.44921875,1952.4000244140625,-0.3001629089165293
2023-07-18,19749.25,1977.199951171875,-0.21195007760351678
2023-07-19,19833.150390625,1977.5,-0.14356633003523603
2023-07-20,19979.150390625,1968.300048828125,-0.15248774024559875
2023-07-21,19745.0,1964.300048828125,-0.20006572640811993
2023-07-24,19672.349609375,1960.300048828125,-0.14763810099041808
2023-07-25,19680.599609375,1962.0999755859375,-0.1281484842239557
2023-07-26,19778.30078125,1968.9000244140625,-0.24101286460030674
2023-07-27,19659.900390625,1945.4000244140625,-0.2343424111867184
2023-07-28,19646.05078125,1960.4000244140625,-0.20170971121171535
2023-07-31,19753.80078125,1970.5,-0.2645308123192269
2023-08-01,19733.55078125,1940.699951171875,-0.23506725173732945
2023-08-02,19526.55078125,1937.4000244140625,-0.339437479558513
2023-08-03,19381.650390625,1932.0,-0.2120801972839279
2023-08-04,19517.0,1939.5999755859375,-0.1018725525205895
2023-08-07,19597.30078125,1933.5,-0.12042045059999137
2023-08-08,19570.849609375,1924.0999755859375,-0.08810771801035565
2023-08-09,19632.55078125,1915.4000244140625,-0.2801504418174777
2023-08-10,19543.099609375,1914.4000244140625,-0.35644354469587547
2023-08-11,19428.30078125,1912.9000244140625,-0.3575268588997009
2023-08-14,19434.55078125,1910.5999755859375,-0.42069042166089077
2023-08-15,19434.55078125,1902.5,-0.3357765610298893
2023-08-16,19465.0,1896.0999755859375,-0.15492127330256789
2023-08-17,19365.25,1884.0999755859375,-0.24234423209924305
2023-08-18,19310.150390625,1886.0999755859375,-0.2955376377362657
2023-08-21,19393.599609375,1893.300048828125,-0.2585384929235251
2023-08-22,19396.44921875,1896.4000244140625,-0.11434120588520766
2023-08-23,19444.0,1918.5,-0.20825378194847588
2023-08-24,19386.69921875,1918.199951171875,-0.17683486493159312
2023-08-25,19265.80078125,1911.0999755859375,-0.022042305258627104
2023-08-28,19306.05078125,1917.9000244140625,-0.1573711769910996
2023-08-29,19342.650390625,1936.5,-0.25211146486312214
2023-08-30,19347.44921875,1944.300048828125,-0.27056798739924504
2023-08-31,19253.80078125,1938.199951171875,-0.295198553018593
2023-09-01,19435.30078125,1939.800048828125,-0.21109508251602394
2023-09-04,19528.80078125,1939.800048828125,-0.17928637525928132
2023-09-05,19574.900390625,1926.199951171875,-0.3112428523385459
2023-09-06,19611.05078125,1918.0999755859375,-0.24930335514568655
2023-09-07,19727.05078125,1917.5,-0.2796449076554656
2023-09-08,19819.94921875,1918.4000244140625,-0.15928981048332325
2023-09-11,19996.349609375,1923.300048828125,-0.20061509075670292
2023-09-12,19993.19921875,1911.300048828125,-0.2392453946998999
2023-09-13,20070.0,1909.0999755859375,-0.18045399658273725
2023-09-14,20103.099609375,1910.0,-0.10851045225452782
2023-09-15,20192.349609375,1923.699951171875,-0.06739636101886579
2023-09-18,20133.30078125,1931.5,-0.2001546106227275
2023-09-19,20133.30078125,1932.0,-0.1442888282478652
2023-09-20,19901.400390625,1945.5999755859375,-0.21856657651354408
2023-09-21,19742.349609375,1919.199951171875,-0.1852219513632678
2023-09-22,19674.25,1925.4000244140625,-0.28715204093773666
2023-09-25,19674.55078125,1916.5999755859375,-0.23120922980168188
2023-09-26,19664.69921875,1900.4000244140625,-0.2798613036472418
2023-09-27,19716.44921875,1871.5999755859375,-0.36258960079499797
2023-09-28,19523.55078125,1860.4000244140625,-0.2788685451181505
2023-09-29,19638.30078125,1848.0999755859375,-0.23950429210393775
2023-10-02,19638.30078125,1830.0,-0.27162374014331747
2023-10-03,19528.75,1824.5999755859375,-0.13584583204175088
2023-10-04,19436.099609375,1818.5,-0.16216111758402862
2023-10-05,19545.75,1816.5999755859375,-0.14843465046404175
2023-10-06,19653.5,1830.199951171875,-0.11674594599717958
2023-10-09,19512.349609375,1849.5,-0.1585626358640438
2023-10-10,19689.849609375,1861.0,-0.10965361093364917
2023-10-11,19811.349609375,1872.800048828125,-0.14490805992471162
2023-10-12,19794.0,1869.300048828125,-0.16748056470781256
2023-10-13,19751.05078125,1927.4000244140625,-0.04618820982906731
2023-10-16,19731.75,1921.0999755859375,-0.1267408513441288
2023-10-17,19811.5,1922.699951171875,-0.3105080423360704
2023-10-18,19671.099609375,1955.300048828125,-0.15755960738398359
2023-10-19,19624.69921875,1968.4000244140625,0.0583411660957331
2023-10-20,19542.650390625,1982.5,0.02071909810154252
2023-10-23,19281.75,1976.300048828125,-0.13630165848480075
2023-10-24,19281.75,1975.0,-0.15053534227981183
2023-10-25,19122.150390625,1984.0999755859375,-0.16157233403198676
2023-10-26,18857.25,1987.199951171875,-0.16390530539819448
2023-10-27,19047.25,1988.5999755859375,-0.2398116366896753
2023-10-30,19140.900390625,1996.199951171875,-0.17409239320449924
2023-10-31,19079.599609375,1985.199951171875,-0.11791787298036244
2023-11-01,18989.150390625,1978.800048828125,-0.22763326332909078
2023-11-02,19133.25,1985.5999755859375,-0.15296618162330747
2023-11-03,19230.599609375,1991.5,0.024123597318609503
2023-11-06,19411.75,1981.5999755859375,0.03670516578368073
2023-11-07,19406.69921875,1966.800048828125,0.007654242062309667
2023-11-08,19443.5,1951.5,-0.003330061033302842
2023-11-09,19395.30078125,1964.199951171875,0.04726187662762198
2023-11-10,19425.349609375,1932.5999755859375,-0.09375121641155014
2023-11-13,19443.55078125,1945.5,-0.07176179806777695
2023-11-14,19443.55078125,1961.800048828125,-0.09580355192648286
2023-11-15,19675.44921875,1960.0999755859375,0.06125736823722801
2023-11-16,19765.19921875,1983.9000244140625,0.04410966410080806
2023-11-17,19731.80078125,1981.5999755859375,0.1758145143642781
2023-11-20,19694.0,1977.699951171875,0.07536845289318501
2023-11-21,19783.400390625,1999.300048828125,0.11835362614719853
2023-11-22,19811.849609375,1991.4000244140625,0.1365866427179368
2023-11-23,19802.0,1991.4000244140625,0.05840038437915639
2023-11-24,19794.69921875,2002.199951171875,0.07029945015920136
2023-11-27,19794.69921875,2011.800048828125,0.1641711391992933
2023-11-28,19889.69921875,2039.699951171875,0.1277427460822533
2023-11-29,20096.599609375,2047.0999755859375,-0.01511080017648414
2023-11-30,20133.150390625,2038.0999755859375,-0.012470081917018472
2023-12-01,20267.900390625,2071.0,-0.08071571429633682
2023-12-04,20686.80078125,2024.0999755859375,-0.09858167271517146
2023-12-05,20855.099609375,2018.5,-0.09404493813599141
2023-12-06,20937.69921875,2030.5,-0.21968343393623688
2023-12-07,20901.150390625,2029.9000244140625,-0.32795878516754334
2023-12-08,20969.400390625,1998.300048828125,-0.2596418594493853
2023-12-11,20997.099609375,1978.0,-0.27706122591908455
2023-12-12,20906.400390625,1977.800048828125,-0.4563375312970339
2023-12-13,20926.349609375,1982.300048828125,-0.35319345001203006
2023-12-14,21182.69921875,2030.199951171875,-0.2991879877017539
2023-12-15,21456.650390625,2021.0999755859375,-0.32829205103179687
2023-12-18,21418.650390625,2026.300048828125,-0.4031941253000183
2023-12-19,21453.099609375,2038.4000244140625,-0.29978328316281555
2023-12-20,21150.150390625,2034.5,-0.24345259181957932
2023-12-21,21255.05078125,2039.0999755859375,-0.028859338169339395
2023-12-22,21349.400390625,2057.10009765625,0.01168182136694914
2023-12-26,21441.349609375,2058.199951171875,0.04648887833116071
2023-12-27,21654.75,2081.89990234375,0.034248467553157275
2023-12-28,21778.69921875,2073.89990234375,0.10179072156883433
2023-12-29,21731.400390625,2062.39990234375,0.1487010056839963
2024-01-01,21741.900390625,2062.39990234375,0.24209584087431765
2024-01-02,21665.80078125,2064.39990234375,0.18628095983069265
2024-01-03,21517.349609375,2034.199951171875,0.14190971528392718
2024-01-04,21658.599609375,2042.300048828125,0.09769722053023061
2024-01-05,21710.80078125,2042.4000244140625,0.15871830865559297
2024-01-08,21513.0,2026.5999755859375,0.2715671952607368
2024-01-09,21544.849609375,2026.4000244140625,0.21891411058452973
2024-01-10,21618.69921875,2021.699951171875,0.17330120485963346
2024-01-11,21647.19921875,2014.300048828125,0.19054744565516019
2024-01-12,21894.55078125,2046.699951171875,0.16172836459321263
2024-01-15,22097.44921875,2046.699951171875,0.2311409254322087
2024-01-16,22032.30078125,2026.0,0.038794327427503966
2024-01-17,21571.94921875,2002.5999755859375,-0.024059032788076445
2024-01-18,21462.25,2018.5999755859375,-0.07824189714531316
2024-01-19,21622.400390625,2026.5,-0.2510267863911045
2024-01-22,21622.400390625,2019.800048828125,-0.3013535778493972
2024-01-23,21238.80078125,2023.699951171875,-0.34367836673751884
2024-01-24,21453.94921875,2013.9000244140625,-0.3253964200168281
2024-01-25,21352.599609375,2016.9000244140625,-0.20335539621333942
2024-01-26,21352.599609375,2016.800048828125,-0.19962444410615898
2024-01-29,21737.599609375,2025.199951171875,-0.2589575445109997
2024-01-30,21522.099609375,2031.5,-0.23554126672942366
2024-01-31,21725.69921875,2048.39990234375,-0.1254147245193385
2024-02-01,21697.44921875,2053.0,-0.18601627801575688
2024-02-02,21853.80078125,2036.0999755859375,-0.23644706965412787
2024-02-05,21771.69921875,2025.699951171875,-0.1652222758171877
2024-02-06,21929.400390625,2034.5,-0.16201177368901687
2024-02-07,21930.5,2035.199951171875,-0.08944667481561994
2024-02-08,21717.94921875,2032.199951171875,-0.07548826389067914
2024-02-09,21782.5,2023.300048828125,-0.005333394296744884
2024-02-12,21616.05078125,2018.199951171875,-0.07964270939949684
2024-02-13,21743.25,1992.9000244140625,-0.06608101513434445
2024-02-14,21840.05078125,1990.300048828125,-0.06940666529811314
2024-02-15,21910.75,2002.0999755859375,-0.15279709101834782
2024-02-16,22040.69921875,2011.5,-0.2572387823754874
2024-02-19,22122.25,2011.5,-0.1733033085098985
2024-02-20,22196.94921875,2027.5,-0.17893591350075
2024-02-21,22055.05078125,2022.300048828125,-0.23774207619635324
2024-02-22,22217.44921875,2019.699951171875,-0.21767438676553352
2024-02-23,22212.69921875,2038.5999755859375,-0.1011958593710116
2024-02-26,22122.05078125,2028.5,-0.26665655032763624
2024-02-27,22198.349609375,2034.0,-0.3560736905141316
2024-02-28,21951.150390625,2033.0,-0.3923593609960176
2024-02-29,21982.80078125,2045.699951171875,-0.23493988623380302
2024-03-01,22338.75,2086.89990234375,-0.18432511221868852
2024-03-04,22405.599609375,2117.699951171875,-0.09890575772665192
2024-03-05,22356.30078125,2133.5,-0.17284373579278922
2024-03-06,22474.05078125,2150.300048828125,-0.23914308376489535
2024-03-07,22493.55078125,2158.0,-0.17467781534594556
2024-03-08,22493.55078125,2178.60009765625,-0.1464611120512671
2024-03-11,22332.650390625,2182.5,-0.08119367950634296
2024-03-12,22335.69921875,2160.39990234375,-0.07999042726800715
2024-03-13,21997.69921875,2175.39990234375,-0.04154917271789618
2024-03-14,22146.650390625,2163.0,-0.015717025230949005
2024-03-15,22023.349609375,2157.300048828125,0.05768765253221267
2024-03-18,22055.69921875,2160.699951171875,0.12762553203835852
2024-03-19,21817.44921875,2156.300048828125,-0.002116675826876871
2024-03-20,21839.099609375,2157.89990234375,-0.1716068124275038
2024-03-21,22011.94921875,2182.39990234375,-0.0675531539905965
2024-03-22,22096.75,2158.10009765625,0.0431170976820084
2024-03-25,22096.75,2174.800048828125,-0.03167257302470683
2024-03-26,22004.69921875,2175.60009765625,-0.16755548353270602
2024-03-27,22123.650390625,2190.60009765625,-0.13579854045813913
2024-03-28,22326.900390625,2217.39990234375,-0.03997925843508504
2024-04-01,22462.0,2236.5,0.11757262059763991
2024-04-02,22453.30078125,2261.0,0.16007323766500403
2024-04-03,22434.650390625,2294.39990234375,0.12818831142943324
2024-04-04,22514.650390625,2288.800048828125,0.05719571079192465
2024-04-05,22513.69921875,2325.699951171875,-0.9942527739563718
2024-04-08,22666.30078125,2331.699951171875,0.04603649486415656
2024-04-09,22642.75,2343.5,-0.027981069933961267
2024-04-10,22753.80078125,2329.60009765625,0.14907924181843046
2024-04-11,22753.80078125,2354.800048828125,0.2909373087719605
2024-04-12,22519.400390625,2356.199951171875,0.36956568147833824
2024-04-15,22272.5,2365.800048828125,0.27739935043283986
2024-04-16,22147.900390625,2390.800048828125,0.3347223557315162
2024-04-17,22147.900390625,2371.699951171875,0.3702734946653088
2024-04-18,21995.849609375,2382.300048828125,0.38725843778573643
2024-04-19,22147.0,2398.39990234375,0.46749746172002316
2024-04-22,22336.400390625,2332.199951171875,0.49221608128136063
2024-04-23,22368.0,2327.699951171875,0.5233698448977279
2024-04-24,22402.400390625,2324.5,0.5438227921306088
2024-04-25,22570.349609375,2329.800048828125,0.5389893655194953
2024-04-26,22419.94921875,2334.800048828125,0.3646283893365152
2024-04-29,22643.400390625,2345.39990234375,0.3536317709163029
2024-04-30,22604.849609375,2291.39990234375,-0.9011977815188694
2024-05-01,22604.849609375,2299.89990234375,0.17814366316804062
2024-05-02,22648.19921875,2299.199951171875,0.3100256839892733
2024-05-03,22475.849609375,2299.0,0.43516400541764055
2024-05-06,22442.69921875,2321.60009765625,0.5207407538827948
2024-05-07,22302.5,2315.199951171875,0.5111811642871398
2024-05-08,22302.5,2313.60009765625,0.590048556315874
2024-05-09,21957.5,2332.10009765625,0.5555489787680081
2024-05-10,22055.19921875,2367.300048828125,0.5390959683770659
2024-05-13,22104.05078125,2336.10009765625,0.42028367396834365
2024-05-14,22217.849609375,2353.39990234375,0.43023823529788496
2024-05-15,22200.55078125,2388.699951171875,0.41249174873569117
2024-05-16,22403.849609375,2380.0,0.28714457125759585
2024-05-17,22466.099609375,2412.199951171875,0.2719630867103027
2024-05-20,22466.099609375,2433.89990234375,0.2557339256229044
2024-05-21,22529.05078125,2421.699951171875,0.3910056373321179
2024-05-22,22597.80078125,2389.199951171875,0.44320594532098995
2024-05-23,22967.650390625,2335.0,0.42062583487390753
2024-05-24,22957.099609375,2332.5,0.4188553957644874
2024-05-27,22932.44921875,2332.5,0.40087538408533424
2024-05-28,22888.150390625,2355.199951171875,0.364577323747722
2024-05-29,22704.69921875,2340.300048828125,0.2608345819865926
2024-05-30,22488.650390625,2342.89990234375,0.23991268604535584
2024-05-31,22530.69921875,2322.89990234375,0.1730711014199879
2024-06-03,23263.900390625,2346.60009765625,0.07124859904938707
2024-06-04,21884.5,2325.5,0.1185028904555154
2024-06-05,22620.349609375,2354.10009765625,0.15238713797983935
2024-06-06,22821.400390625,2370.300048828125,0.009328609642279523
2024-06-07,23290.150390625,2305.199951171875,0.010841196430629002
2024-06-10,23259.19921875,2307.699951171875,0.10170712596872901
2024-06-11,23264.849609375,2307.5,0.19038790175081904
2024-06-12,23322.94921875,2336.0,0.26930446048361123
2024-06-13,23398.900390625,2300.199951171875,0.2629538645475537
2024-06-14,23465.599609375,2331.39990234375,0.1863935586138017
2024-06-17,23465.599609375,2312.39990234375,0.09686358663035766
2024-06-18,23557.900390625,2330.39990234375,0.12875696491846553
2024-06-19,23516.0,2330.39990234375,0.1608684020889807
2024-06-20,23567.0,2353.800048828125,0.26304939449469783
2024-06-21,23501.099609375,2316.39990234375,0.34206104041794627
2024-06-24,23537.849609375,2330.0,0.3161672063445102
2024-06-25,23721.30078125,2316.60009765625,0.20337768459482614
2024-06-26,23868.80078125,2299.199951171875,0.17360911852229974
2024-06-27,24044.5,2324.5,0.1891177814295485
2024-06-28,24010.599609375,2327.699951171875,0.16982818645603506
2024-07-01,24141.94921875,2327.60009765625,0.12200335161942373
2024-07-02,24123.849609375,2323.0,0.14445215142673976
2024-07-03,24286.5,2359.800048828125,0.10454185059018861
2024-07-04,24302.150390625,2359.800048828125,0.05787878960923444
2024-07-05,24323.849609375,2388.5,0.09009224703607967
2024-07-08,24320.55078125,2355.199951171875,0.06263383341040599
2024-07-09,24433.19921875,2360.10009765625,0.0890395695103413
2024-07-10,24324.44921875,2372.199951171875,0.11563941885659275
2024-07-11,24315.94921875,2415.0,0.02707812409334588
2024-07-12,24502.150390625,2414.0,-0.0017668647110407887
2024-07-15,24586.69921875,2422.89990234375,0.12519245155860534
2024-07-16,24613.0,2462.39990234375,0.03398065817507483
2024-07-17,24613.0,2454.800048828125,-0.12632714135273043
2024-07-18,24800.849609375,2451.800048828125,-0.253453632018439
2024-07-19,24530.900390625,2395.5,-0.21916275560803733
2024-07-22,24509.25,2392.0,-0.18750082161942747
2024-07-23,24479.05078125,2404.60009765625,-0.17028544766989148
2024-07-24,24413.5,2413.300048828125,-0.04793569640143666
2024-07-25,24406.099609375,2351.89990234375,-0.24636940352981254
2024-07-26,24834.849609375,2380.0,-0.1834615734844086
2024-07-29,24836.099609375,2377.300048828125,-0.0323817310631164
2024-07-30,24857.30078125,2405.0,-0.10856258083545495
2024-07-31,24951.150390625,2426.5,-0.11884888643752392
2024-08-01,25010.900390625,2435.0,-0.1581980571216821
2024-08-02,24717.69921875,2425.699951171875,-0.20575563092892257
2024-08-05,24055.599609375,2401.699951171875,-0.2041029476305846
2024-08-06,23992.55078125,2389.10009765625,-0.062324829734854426
2024-08-07,24297.5,2390.5,0.10085995844742615
2024-08-08,24117.0,2422.199951171875,0.07707964617693687
2024-08-09,24367.5,2432.10009765625,0.2344364190903554
2024-08-12,24347.0,2462.39990234375,0.229599610966578
2024-08-13,24139.0,2466.699951171875,0.36255153027741954
2024-08-14,24143.75,2439.39990234375,0.33705970424220044
2024-08-15,24143.75,2453.10009765625,0.3315062927047998
2024-08-16,24541.150390625,2498.60009765625,0.34510000887812053
2024-08-19,24572.650390625,2501.800048828125,0.5826250648021991
2024-08-20,24698.849609375,2511.300048828125,0.6148901506856599
2024-08-21,24770.19921875,2508.39990234375,0.519836491335862
2024-08-22,24811.5,2478.89990234375,0.5664335790320688
2024-08-23,24823.150390625,2508.39990234375,0.5027809267897881
2024-08-26,25010.599609375,2517.699951171875,0.4339305373354892
2024-08-27,25017.75,2516.0,0.4823987726583794
2024-08-28,25052.349609375,2501.0,0.45672977091535033
2024-08-29,25151.94921875,2525.699951171875,0.452854017814356
2024-08-30,25235.900390625,2493.800048828125,0.42806059634060023
2024-09-02,25278.69921875,2493.800048828125,0.4309970378678849
2024-09-03,25279.849609375,2489.89990234375,0.44070677853311613
2024-09-04,25198.69921875,2493.39990234375,0.2606217480845564
2024-09-05,25145.099609375,2511.39990234375,0.30316237044233973
2024-09-06,24852.150390625,2493.5,0.21034711196304445
2024-09-09,24936.400390625,2501.800048828125,0.08806849282788598
2024-09-10,25041.099609375,2512.300048828125,0.08621605660541873
2024-09-11,24918.44921875,2512.10009765625,0.09583512953422679
2024-09-12,25388.900390625,2551.199951171875,0.04241671651054016
2024-09-13,25356.5,2581.300048828125,0.11516491693975937
2024-09-16,25383.75,2580.39990234375,0.008165889934279205
2024-09-17,25418.55078125,2564.300048828125,-0.015526412431894704
2024-09-18,25377.55078125,2570.699951171875,-0.05163036714031291
2024-09-19,25415.80078125,2588.0,-0.04185654982680767
2024-09-20,25790.94921875,2619.89990234375,-0.006902887995599821
2024-09-23,25939.05078125,2626.5,-0.07776134633012875
2024-09-24,25940.400390625,2651.199951171875,-0.004453193215890702
2024-09-25,26004.150390625,2659.199951171875,0.010010907784448644
2024-09-26,26216.05078125,2669.89990234375,-0.13315583667569586
2024-09-27,26178.94921875,2644.300048828125,-0.2702795293911355
2024-09-30,25810.849609375,2636.10009765625,-0.24081106553720516
2024-10-01,25796.900390625,2667.300048828125,-0.23047226175006966
2024-10-02,25796.900390625,2647.10009765625,-0.21163794967010324
2024-10-03,25250.099609375,2657.10009765625,-0.18835734887456493
2024-10-04,25014.599609375,2645.800048828125,-0.14673859877406265
2024-10-07,24795.75,2644.800048828125,-0.050765753018897436
2024-10-08,25013.150390625,2615.0,-0.12725547354098105
2024-10-09,24981.94921875,2606.0,-0.20258051339380279
2024-10-10,24998.44921875,2620.60009765625,-0.26567366872281173
2024-10-11,24964.25,2657.60009765625,-0.2132268348585581
2024-10-14,25127.94921875,2647.800048828125,-0.08858075564306468
2024-10-15,25057.349609375,2661.39990234375,-0.10809752437063762
2024-10-16,24971.30078125,2674.0,-0.29177074343185216
2024-10-17,24749.849609375,2691.0,-0.39702324054205745
2024-10-18,24854.05078125,2713.699951171875,-0.4242694671029537
2024-10-21,24781.099609375,2723.10009765625,-0.42740250692534243
2024-10-22,24472.099609375,2744.199951171875,-0.4184295301903616
2024-10-23,24435.5,2714.39990234375,-0.3745093596249998
2024-10-24,24399.400390625,2734.89990234375,-0.36222223895973205
2024-10-25,24180.80078125,2740.89990234375,-0.24212513572379724
2024-10-28,24339.150390625,2742.89990234375,-0.26975895143451795
2024-10-29,24466.849609375,2768.39990234375,-0.31018137699237147
2024-10-30,24340.849609375,2788.5,-0.2401704479207086
2024-10-31,24205.349609375,2738.300048828125,-0.33701836854159484
2024-11-01,24304.349609375,2738.60009765625,-0.27218895854159736
2024-11-04,23995.349609375,2736.10009765625,-0.23561481733603798
2024-11-05,24213.30078125,2740.300048828125,-0.22206471560579638
2024-11-06,24484.05078125,2667.60009765625,-0.07084019929990239
2024-11-07,24199.349609375,2698.39990234375,-0.10865199499552722
2024-11-08,24148.19921875,2687.5,0.07106134364861062
2024-11-11,24141.30078125,2611.199951171875,0.05343840438579892
2024-11-12,23883.44921875,2600.0,-0.04700291380366588
2024-11-13,23559.05078125,2580.800048828125,-0.031756022507464274
2024-11-14,23532.69921875,2568.199951171875,-0.10952459711745921
2024-11-15,23532.69921875,2565.699951171875,-0.15521561406660617
2024-11-18,23453.80078125,2610.60009765625,-0.1054518290618919
2024-11-19,23518.5,2627.10009765625,-0.04708937997397536
2024-11-20,23518.5,2648.199951171875,-0.08772056132086388
2024-11-21,23349.900390625,2672.10009765625,0.0035594227194100797
2024-11-22,23907.25,2709.89990234375,0.10103956486709852
2024-11-25,24221.900390625,2616.800048828125,0.2129186777894042
2024-11-26,24194.5,2620.300048828125,0.24318978043513081
2024-11-27,24274.900390625,2639.89990234375,0.3376533404508203
2024-11-28,23914.150390625,2639.89990234375,0.16491411018513558
2024-11-29,24131.099609375,2657.0,0.13091738906290223
2024-12-02,24276.05078125,2634.89990234375,0.05560409419120606
2024-12-03,24457.150390625,2644.699951171875,0.06510551247630729
2024-12-04,24467.44921875,2653.800048828125,0.01848355627110062
2024-12-05,24708.400390625,2626.60009765625,0.007905007639723065
2024-12-06,24677.80078125,2638.60009765625,0.16192930737785127
2024-12-09,24619.0,2664.89990234375,0.13936965186958677
2024-12-10,24610.05078125,2697.60009765625,0.16518492729232878
2024-12-11,24641.80078125,2733.800048828125,0.13713887527055815
2024-12-12,24548.69921875,2687.5,0.13586359060865194
2024-12-13,24768.30078125,2656.0,0.1290027317802102
2024-12-16,24668.25,2651.39990234375,0.15796313257524253
2024-12-17,24336.0,2644.39990234375,0.2418528579075837
2024-12-18,24198.849609375,2636.5,0.3574854907524593
2024-12-19,23951.69921875,2592.199951171875,0.3567324684365522
2024-12-20,23587.5,2628.699951171875,0.37832041174234443
2024-12-23,23753.44921875,2612.300048828125,0.2588347089197169
2024-12-24,23727.650390625,2620.0,0.2338329167552992
2024-12-26,23750.19921875,2638.800048828125,0.2929703404906671
2024-12-27,23813.400390625,2617.199951171875,0.3413166337434799
2024-12-30,23644.900390625,2606.10009765625,0.33333180497294973
2024-12-31,23644.80078125,2629.199951171875,0.37985356966992945
2025-01-01,23742.900390625,2629.199951171875,0.3908882681121034
2025-01-02,24188.650390625,2658.89990234375,0.45768800635546475
2025-01-03,24004.75,2645.0,0.446152456783635
2025-01-06,23616.05078125,2638.39990234375,0.3838194311996715
2025-01-07,23707.900390625,2656.699951171875,0.38168032064288915
2025-01-08,23688.94921875,2664.5,0.1182814357395853
2025-01-09,23526.5,2683.800048828125,0.1409166692019458
2025-01-10,23431.5,2708.5,-0.1608791402588162
2025-01-13,23085.94921875,2673.5,-0.28465179783076316
2025-01-14,23176.05078125,2677.5,-0.2246206644468765
2025-01-15,23213.19921875,2712.5,-0.16744785020939065
2025-01-16,23311.80078125,2746.39990234375,-0.2461622919787211
2025-01-17,23203.19921875,2744.300048828125,-0.2826703039349882
2025-01-20,23344.75,2744.300048828125,-0.14976316921149624
2025-01-21,23024.650390625,2755.0,-0.17597129272980538
2025-01-22,23155.349609375,2767.60009765625,0.017956221169423022
2025-01-23,23205.349609375,2763.10009765625,0.016665233599881004
2025-01-24,23092.19921875,2777.300048828125,0.04815689220969807
2025-01-27,22829.150390625,2737.5,0.17371914351979706
2025-01-28,22957.25,2766.800048828125,0.17025149370327525
2025-01-29,23163.099609375,2769.10009765625,0.07627443459986552
2025-01-30,23249.5,2823.0,0.06110774495144297
2025-01-31,23508.400390625,2812.5,0.052966637061733234
2025-02-01,23482.150390625,2812.5,-0.06097070818319583
2025-02-03,23361.05078125,2833.89990234375,-0.077197303092187
2025-02-04,23739.25,2853.300048828125,-0.1311515160202023
2025-02-05,23696.30078125,2871.60009765625,-0.04758227667039541
2025-02-06,23603.349609375,2856.0,-0.04199503802391718
2025-02-07,23559.94921875,2867.300048828125,-0.062364086334585234
2025-02-10,23381.599609375,2914.300048828125,-0.06709109940923938
2025-02-11,23071.80078125,2912.5,-0.04521211477667206
2025-02-12,23045.25,2909.0,0.006295572127747481
2025-02-13,23031.400390625,2925.89990234375,-0.07575568690913156
2025-02-14,22929.25,2883.60009765625,-0.1547089465930576
2025-02-17,22959.5,2883.60009765625,-0.0557605081353838
2025-02-18,22945.30078125,2931.60009765625,-0.08620497276154139
2025-02-19,22932.900390625,2919.39990234375,-0.19468985848961284
2025-02-20,22913.150390625,2940.0,-0.1457589386190113
2025-02-21,22795.900390625,2937.60009765625,-0.09929309195471245
2025-02-24,22553.349609375,2947.89990234375,-0.2161862725382943
2025-02-25,22547.55078125,2904.5,-0.18302697160444217
2025-02-26,22547.55078125,2916.800048828125,-0.11214680084364852
2025-02-27,22545.05078125,2883.199951171875,-0.07594702600107962
2025-02-28,22124.69921875,2836.800048828125,-0.022149625583624124
2025-03-03,22119.30078125,2890.199951171875,-0.13566979203491544
2025-03-04,22082.650390625,2909.60009765625,-0.10139705580299534
2025-03-05,22337.30078125,2915.300048828125,-0.12067209443316756
2025-03-06,22544.69921875,2916.60009765625,-0.1529316260066022
2025-03-07,22552.5,2904.699951171875,-0.07445528837194484
2025-03-10,22460.30078125,2891.0,0.0463282194890367
2025-03-11,22497.900390625,2912.89990234375,0.182544785830018
2025-03-12,22470.5,2939.10009765625,0.2693874887899196
2025-03-13,22397.19921875,2984.300048828125,0.23520819930372114
2025-03-14,22397.19921875,2994.5,0.24064875051415632
2025-03-17,22508.75,3000.0,0.27867179663902797
2025-03-18,22834.30078125,3035.10009765625,0.2618913103179685
2025-03-19,22907.599609375,3035.89990234375,0.24711046011740034
2025-03-20,23190.650390625,3040.0,0.2888418949727261
2025-03-21,23350.400390625,3018.199951171875,0.25648306800288556
2025-03-24,23658.349609375,3013.10009765625,0.1730041430680156
2025-03-25,23668.650390625,3023.699951171875,0.12128061498309922
2025-03-26,23486.849609375,3020.89990234375,0.15745806210597627
2025-03-27,23591.94921875,3060.199951171875,0.14016081838962813
2025-03-28,23519.349609375,3086.5,0.15111802532710863
2025-03-31,23519.349609375,3122.800048828125,0.1874820077172896
2025-04-01,23165.69921875,3118.89990234375,0.13723751035079465
2025-04-02,23332.349609375,3139.89990234375,0.18139453253790855
2025-04-03,23250.099609375,3097.0,0.19172184206957127
2025-04-04,22904.44921875,3012.0,0.07202631967762574
2025-04-07,22161.599609375,2951.300048828125,0.1759722013244625
2025-04-08,22535.849609375,2968.39990234375,0.11605531532135643
2025-04-09,22399.150390625,3056.5,-0.03151885870448032
2025-04-10,22399.150390625,3155.199951171875,-0.11858500604973937
2025-04-11,22828.55078125,3222.199951171875,-0.19686745301152347
2025-04-14,22828.55078125,3204.800048828125,-0.18313072903326094
2025-04-15,23328.55078125,3218.699951171875,-0.19667517043369465
2025-04-16,23437.19921875,3326.60009765625,-1.0
2025-04-17,23851.650390625,3308.699951171875,-0.15404192212487494
2025-04-21,24125.55078125,3406.199951171875,-0.121112779432944
2025-04-22,24167.25,3400.800048828125,-0.09282206860668879
2025-04-23,24328.94921875,3276.300048828125,-0.05938944068345904
2025-04-24,24246.69921875,3332.0,-0.01222356173179881
2025-04-25,24039.349609375,3282.39990234375,-0.18685398300477185
2025-04-28,24328.5,3332.5,-0.20812809705091656
2025-04-29,24335.94921875,3318.800048828125,-0.3730566961343599
2025-04-30,24334.19921875,3305.0,-0.3475834038175659
2025-05-01,24334.19921875,3210.0,-0.32749672044653155
2025-05-02,24346.69921875,3231.89990234375,-0.22509637465886162
2025-05-05,24461.150390625,3311.300048828125,-0.11961181010254728
2025-05-06,24379.599609375,3411.39990234375,-0.10144597295682625
2025-05-07,24414.400390625,3381.39990234375,-0.1410747906332919
2025-05-08,24273.80078125,3296.60009765625,-0.09878130010048729
2025-05-09,24008.0,3335.39990234375,-0.14100662736170846
2025-05-12,24924.69921875,3220.0,-0.13782022592375415
2025-05-13,24578.349609375,3240.300048828125,-0.05597396496975212
2025-05-14,24666.900390625,3181.39990234375,-0.10427480502757977
2025-05-15,25062.099609375,3220.699951171875,-0.03972159926050973
2025-05-16,25019.80078125,3182.0,0.009319923191468613
2025-05-19,24945.44921875,3228.89990234375,-0.07622179322520235
2025-05-20,24683.900390625,3280.300048828125,-0.0007089679633711932
2025-05-21,24813.44921875,3309.300048828125,0.04665373619762413
2025-05-22,24609.69921875,3292.300048828125,0.04241412153550356
2025-05-23,24853.150390625,3363.60009765625,-0.030707523118526717
2025-05-26,25001.150390625,3363.60009765625,-0.10581047062042535
2025-05-27,24826.19921875,3299.10009765625,-0.14926130704648122
2025-05-28,24752.44921875,3293.60009765625,-0.1028942763989659
2025-05-29,24833.599609375,3317.10009765625,-0.1801720973077653
2025-05-30,24750.69921875,3288.89990234375,-0.13989376617846142
2025-06-02,24716.599609375,3370.60009765625,-0.23725533167732255
2025-06-03,24542.5,3350.199951171875,-0.243888358175888
2025-06-04,24620.19921875,3373.5,-0.22496790400172526
2025-06-05,24750.900390625,3350.699951171875,-0.020796083262986667
2025-06-06,25003.05078125,3322.699951171875,-0.1388263734235185
2025-06-09,25103.19921875,3332.10009765625,-0.019539629822593357
2025-06-10,25104.25,3320.89990234375,-0.01564050438949624
2025-06-11,25141.400390625,3321.300048828125,0.008783052250835865
2025-06-12,24888.19921875,3380.89990234375,0.007757718889525242
2025-06-13,24718.599609375,3431.199951171875,0.032856559956875045
2025-06-16,24946.5,3396.39990234375,0.008007302193472052
2025-06-17,24853.400390625,3386.60009765625,0.11369850338142565
2025-06-18,24812.05078125,3389.800048828125,0.05802733732375903
2025-06-19,24793.25,3389.800048828125,0.13384190235170668
2025-06-20,25112.400390625,3368.10009765625,0.06139969891594195
2025-06-23,24971.900390625,3377.699951171875,0.04141958339816132
2025-06-24,25044.349609375,3317.39990234375,-0.05796052612582163
2025-06-25,25244.75,3327.10009765625,-0.027291902581628766
2025-06-26,25549.0,3333.5,0.08007180746764991
2025-06-27,25637.80078125,3273.699951171875,0.05698922780620905
2025-06-30,25517.05078125,3294.39990234375,0.026133257122226528
2025-07-01,25541.80078125,3336.699951171875,-0.07572938144004489
2025-07-02,25453.400390625,3348.0,-0.09867271171351115
2025-07-03,25405.30078125,3331.60009765625,-0.22891534955778764
2025-07-04,25461.0,3332.5,-0.2943989128375747
2025-07-07,25461.30078125,3332.199951171875,-0.2635232944932182
2025-07-08,25522.5,3307.0,-0.14779116236376888
2025-07-09,25476.099609375,3311.60009765625,0.07784762543508092
2025-07-10,25355.25,3317.39990234375,0.0137220744613685
2025-07-11,25149.849609375,3356.0,0.11642885831239391
2025-07-14,25082.30078125,3351.5,0.11554779278203539
2025-07-15,25195.80078125,3329.800048828125,0.08309075023024118
2025-07-16,25212.05078125,3352.5,0.09989223171743228
2025-07-17,25111.44921875,3340.10009765625,0.08565099911710639
2025-07-18,24968.400390625,3353.0,0.076384099643072
2025-07-21,25090.69921875,3401.89990234375,0.02631799357545564
2025-07-22,25060.900390625,3439.199951171875,-0.09896612990901812
2025-07-23,25219.900390625,3394.10009765625,-0.22590888787298546
2025-07-24,25062.099609375,3371.0,-0.1669856702998152
2025-07-25,24837.0,3334.0,-0.1872098873184013
2025-07-28,24680.900390625,3309.10009765625,-0.23140417483928688
2025-07-29,24821.099609375,3323.39990234375,-0.22373118065839037
2025-07-30,24855.05078125,3295.800048828125,-0.1537926362708772
2025-07-31,24768.349609375,3293.199951171875,-0.13864829425770514
2025-08-01,24565.349609375,3347.699951171875,-0.19166157452501892
2025-08-04,24722.75,3374.39990234375,-0.08987743298601794
2025-08-05,24649.55078125,3381.89990234375,-0.8797714849207582
2025-08-06,24574.19921875,3380.0,0.057260461093239234
2025-08-07,24596.150390625,3400.300048828125,0.1188326526040493
2025-08-08,24363.30078125,3439.10009765625,0.19691571438215427
2025-08-11,24585.05078125,3353.10009765625,0.25977730984554137
2025-08-12,24487.400390625,3348.89990234375,-0.8281887080134991
2025-08-13,24619.349609375,3358.699951171875,0.29022676545092896
2025-08-14,24631.30078125,3335.199951171875,0.29671713831505775
2025-08-15,24631.30078125,3336.0,0.17330690318744726
2025-08-18,24876.94921875,3331.699951171875,0.2035939525232478
2025-08-19,24980.650390625,3313.39990234375,0.06691578620378899
2025-08-20,25050.55078125,3343.39990234375,-0.013949125796887285
2025-08-21,25083.75,3336.89990234375,0.07949127964023128
2025-08-22,24870.099609375,3374.39990234375,0.12837294738814278
2025-08-25,24967.75,3373.800048828125,0.22510354503829036
2025-08-26,24712.05078125,3388.60009765625,0.17335622156738545
2025-08-27,24712.05078125,3404.60009765625,0.055290196610101955
2025-08-28,24500.900390625,3431.800048828125,0.019602984289421338
2025-08-29,24426.849609375,3473.699951171875,0.014157958535051945
2025-09-01,24625.05078125,3473.699951171875,0.007295990302598698
2025-09-02,24579.599609375,3549.39990234375,0.08535031521265041
2025-09-03,24715.05078125,3593.199951171875,0.037557350029256364
2025-09-04,24734.30078125,3565.800048828125,0.050646476160876225
2025-09-05,24741.0,3613.199951171875,-0.04456906044610438
2025-09-08,24773.150390625,3638.10009765625,-0.017055267747467462
2025-09-09,24868.599609375,3643.300048828125,-0.02752160906070178
2025-09-10,24973.099609375,3643.60009765625,-0.09738559084064567
2025-09-11,25005.5,3636.89990234375,-0.12054179689789689
2025-09-12,25114.0,3649.39990234375,-0.13771214233486717
2025-09-15,25069.19921875,3682.199951171875,-0.16038500018935048
2025-09-16,25239.099609375,3688.89990234375,-0.017920973631295634
2025-09-17,25330.25,3681.800048828125,-0.036432567540201716
2025-09-18,25423.599609375,3643.699951171875,-0.06509362659560294
2025-09-19,25327.05078125,3671.5,-0.23973943853222357
2025-09-22,25202.349609375,3740.699951171875,-0.30414621329049724
2025-09-23,25169.5,3780.60009765625,-0.312900715250512
2025-09-24,25056.900390625,3732.10009765625,-0.354767048580534
2025-09-25,24890.849609375,3736.89990234375,-0.2278679740280583
2025-09-26,24654.69921875,3775.300048828125,-0.2348400453095139
2025-09-29,24634.900390625,3820.89990234375,-0.979000038923363
2025-09-30,24611.099609375,3840.800048828125,-0.12201454244339498
2025-10-01,24836.30078125,3867.5,-0.12123764272463412
2025-10-02,24836.30078125,3839.699951171875,-0.13058792088795432
2025-10-03,24894.25,3880.800048828125,-0.13176472093851002
2025-10-06,25077.650390625,3948.5,0.00437168443301042
2025-10-07,25108.30078125,3976.60009765625,-0.1934350001162275
2025-10-08,25046.150390625,4043.300048828125,-0.34995055274093256
2025-10-09,25181.80078125,3946.300048828125,-0.37725235383875355
2025-10-10,25285.349609375,3975.89990234375,-0.3577304860089618
2025-10-13,25227.349609375,4108.60009765625,-0.2856995050465697
2025-10-14,25145.5,4138.7001953125,-0.23676653256054705
2025-10-15,25323.55078125,4176.89990234375,-0.26030789202999216
2025-10-16,25585.30078125,4280.2001953125,-0.1696747154937257
2025-10-17,25709.849609375,4189.89990234375,-0.08537089612480223
2025-10-20,25843.150390625,4336.39990234375,-0.07547212923044379
2025-10-21,25868.599609375,4087.699951171875,-0.004045929747052479
2025-10-22,25868.599609375,4044.39990234375,0.006497636566698661
2025-10-23,25891.400390625,4125.5,-0.050499008309012244
2025-10-24,25795.150390625,4118.39990234375,-0.002157308332843888
2025-10-27,25966.05078125,4001.89990234375,-0.004623534258175771
2025-10-28,25936.19921875,3966.199951171875,-0.015597536711112026
2025-10-29,26053.900390625,3983.699951171875,0.09207334312665666
2025-10-30,25877.849609375,4001.300048828125,-0.12273656638581237
2025-10-31,25722.099609375,3982.199951171875,-0.23766663999694024
2025-11-03,25763.349609375,4000.300048828125,-0.32491213613300196
2025-11-04,25597.650390625,3947.699951171875,-0.3392310764383893
2025-11-05,25597.650390625,3980.300048828125,-0.3436691116690912
2025-11-06,25509.69921875,3979.89990234375,-0.44792525696592433
2025-11-07,25492.30078125,3999.39990234375,-0.5020222064759323
2025-11-10,25574.349609375,4111.7998046875,-0.5417997514844244
2025-11-11,25694.94921875,4106.7998046875,-0.3128864500516804
2025-11-12,25875.80078125,4204.39990234375,-0.1546923665870281
2025-11-13,25879.150390625,4186.89990234375,-0.18618366939312164
2025-11-14,25910.05078125,4087.60009765625,-0.21125190084449375
2025-11-17,26013.44921875,4068.300048828125,-0.2971128308369231
2025-11-18,25910.05078125,4061.300048828125,-0.4367664825080442
2025-11-19,26052.650390625,4077.699951171875,-0.4218942939212545
2025-11-20,26192.150390625,4056.5,-0.4786350864480834
2025-11-21,26068.150390625,4076.699951171875,-0.4577409591122297
2025-11-24,25959.5,4091.89990234375,-0.5596902496277103
2025-11-25,25884.80078125,4139.2001953125,-0.5863675558406746
2025-11-26,26205.30078125,4165.2001953125,-0.5380040367971433
2025-11-27,26215.55078125,4165.2001953125,-0.47604350144194607
2025-11-28,26202.94921875,4218.2998046875,-0.4148783468293984
2025-12-01,26175.75,4239.2998046875,-0.49758183692170743
2025-12-02,26032.19921875,4186.60009765625,-0.399592663456896
2025-12-03,25986.0,4199.2998046875,-0.44177105255901516
2025-12-04,26033.75,4211.7998046875,-0.3658652839014946
2025-12-05,26186.44921875,4212.89990234375,-0.34744644006134645
2025-12-08,25960.55078125,4187.2001953125,-0.4396948054493126
2025-12-09,25839.650390625,4206.7001953125,-0.43968098009232087
2025-12-10,25758.0,4196.39990234375,-0.385075279511919
2025-12-11,25898.55078125,4285.5,-0.3149609172178315
2025-12-12,26046.94921875,4300.10009765625,-0.31070206477258294
2025-12-15,26027.30078125,4306.7001953125,-0.17289176800206524
2025-12-16,25860.099609375,4304.5,-0.08797603361334844
2025-12-17,25818.55078125,4347.5,-0.11091414332793108
2025-12-18,25815.55078125,4339.5,-0.05140163646016836
2025-12-19,25966.400390625,4361.39990234375,0.09811797819841572
2025-12-22,26172.400390625,4444.60009765625,0.2378865614094781
2025-12-23,26177.150390625,4482.7998046875,0.11147101481959058
2025-12-24,26142.099609375,4480.60009765625,0.019363028665159168
2025-12-26,26042.30078125,4529.10009765625,0.1276176608830903
2025-12-29,25942.099609375,4325.10009765625,0.02383460836316488
2025-12-30,25938.849609375,4370.10009765625,-0.09270709590620702
2025-12-31,26129.599609375,4325.60009765625,-0.8604793218353128
2026-01-01,26146.55078125,4325.60009765625,-0.09735437711213016
2026-01-02,26328.55078125,4314.39990234375,-0.10634592481639496
2026-01-05,26250.30078125,4436.89990234375,-0.1583887154932534
2026-01-06,26178.69921875,4482.2001953125,-0.2080764042571301
2026-01-07,26140.75,4449.2998046875,-0.2567546683793856
2026-01-08,25876.849609375,4449.7001953125,-0.31482731489771354
2026-01-09,25683.30078125,4490.2998046875,-0.11527681175428896
2026-01-12,25790.25,4604.2998046875,-0.09033338811203359
2026-01-13,25732.30078125,4589.2001953125,-0.020158134845785186
2026-01-14,25665.599609375,4626.2998046875,-0.06557560738777886
2026-01-15,25665.599609375,4616.2998046875,-0.08302105949354724
2026-01-16,25694.349609375,4588.39990234375,-0.1411889656677684
2026-01-19,25585.5,4588.39990234375,-0.3496653672273033
2026-01-20,25232.5,4759.60009765625,-0.4394765938059405
2026-01-21,25157.5,4831.7998046875,-0.5566198270612286
2026-01-22,25289.900390625,4908.7998046875,-0.6994322614441184
2026-01-23,25048.650390625,4976.2001953125,-0.7463724768335007
2026-01-26,25048.650390625,5079.7001953125,-0.5878383796119742
2026-01-27,25175.400390625,5079.89990234375,-0.5514437605452494
2026-01-28,25342.75,5301.60009765625,-0.41106545380136406
2026-01-29,25418.900390625,5318.39990234375,-0.35218798717582117
2026-01-30,25320.650390625,4713.89990234375,-0.26819805128408936
2026-02-02,25088.400390625,4622.5,-0.32550657089679796
2026-02-03,25727.55078125,4903.7001953125,-0.2641447387137707
2026-02-04,25776.0,4920.39990234375,-0.19121233642753335
2026-02-05,25642.80078125,4861.39990234375,-0.22844438337751546
2026-02-06,25693.69921875,4951.2001953125,-0.17170318704198134
2026-02-09,25867.30078125,5050.89990234375,-0.1188692367952056
2026-02-10,25935.150390625,5003.7998046875,-0.15942039170932087
2026-02-11,25953.849609375,5071.60009765625,-0.24248330471327217
2026-02-12,25807.19921875,4923.7001953125,-0.3237079986003945
2026-02-13,25471.099609375,5022.0,-0.2966814749735554
2026-02-16,25682.75,5022.0,-0.2524736505790621
2026-02-17,25725.400390625,4882.89990234375,-0.301261696847517
2026-02-18,25819.349609375,4986.5,-0.2805136694645828
2026-02-19,25454.349609375,4975.89990234375,-0.21780469729187146
2026-02-20,25571.25,5059.2998046875,-0.1561949918661905
2026-02-23,25713.0,5204.7001953125,-0.024713258230646712
2026-02-24,25424.650390625,5155.7998046875,0.07436413141703824
2026-02-25,25482.5,5206.39990234375,-0.016639838015669497
2026-02-26,25496.55078125,5176.5,0.1145338003049818
2026-02-27,25178.650390625,5230.5,-0.8998022989632195
2026-03-02,24865.69921875,5294.39990234375,0.13246447294469457
2026-03-03,24865.69921875,5107.39990234375,0.12278572843399606
2026-03-04,24480.5,5120.2001953125,0.0755792429525126
2026-03-05,24765.900390625,5065.2998046875,-0.07938526759431992
2026-03-06,24450.44921875,5146.10009765625,-0.09095237023037127
2026-03-09,24028.05078125,5091.5,-0.21250954936937239
2026-03-10,24261.599609375,5229.7001953125,-0.12209711934799468
2026-03-11,23866.849609375,5167.39990234375,0.005152600573892649
2026-03-12,23639.150390625,5115.7998046875,-0.06276277517130824
2026-03-13,23151.099609375,5052.5,-0.03722285607925363
2026-03-16,23408.80078125,4994.0,-0.09580324333891607
2026-03-17,23581.150390625,5001.0,-0.14183245634234232
2026-03-18,23777.80078125,4889.89990234375,-0.07182845662031166
2026-03-19,23002.150390625,4600.7001953125,-0.07235458270737564
2026-03-20,23114.5,4570.39990234375,0.06952941687213908
2026-03-23,22512.650390625,4404.10009765625,0.02242567532826608
2026-03-24,22912.400390625,4399.2998046875,0.09772943704835857
2026-03-25,23306.44921875,4549.7998046875,0.0949690311787031
2026-03-26,23306.44921875,4375.5,0.1484128495788408
2026-03-27,22819.599609375,4492.0,0.0982607796074439
2026-03-30,22331.400390625,4526.0,0.0840434869293776
2026-03-31,22331.400390625,4647.60009765625,0.06580330530173309
2026-04-01,22679.400390625,4783.2001953125,-0.00850717560633138
2026-04-02,22713.099609375,4651.5,0.04309362217713129
2026-04-06,22968.25,4656.7998046875,0.08973529446919164
2026-04-07,23123.650390625,4657.10009765625,0.1282258102996916
2026-04-08,23997.349609375,4749.5,0.2392258544045784
2026-04-09,23775.099609375,4792.2001953125,0.33445227933476707
2026-04-10,24050.599609375,4761.89990234375,0.2762336323893315
2026-04-13,23842.650390625,4742.39990234375,0.2826285771803429
2026-04-14,23842.650390625,4825.0,0.2088961520654772
2026-04-15,24231.30078125,4800.0,0.19293538370725657
2026-04-16,24196.75,4785.39990234375,0.12851978298077477
2026-04-17,24353.55078125,4857.60009765625,0.2469597924480841
2026-04-20,24364.849609375,4806.60009765625,0.25553169304392404
2026-04-21,24576.599609375,4698.39990234375,0.216996596032494
2026-04-22,24378.099609375,4732.5,0.29459312062781934
2026-04-23,24173.05078125,4705.10009765625,0.0969602527053557
2026-04-24,23897.94921875,4722.2998046875,-0.07222387347841545
2026-04-27,24092.69921875,4675.39990234375,-0.002960854329866775
2026-04-28,23995.69921875,4591.5,0.0020486390589260217
2026-04-29,24177.650390625,4545.2001953125,0.021972739585484426
2026-04-30,23997.55078125,4614.7001953125,-0.08572734669495462
2026-05-01,23997.55078125,4629.89990234375,-0.08044131708249745
2026-05-04,24119.30078125,4519.5,0.08667837051459672
2026-05-05,24032.80078125,4555.7998046875,0.14620075256096318
2026-05-06,24330.94921875,4681.89990234375,0.14871890182389208
2026-05-07,24326.650390625,4699.7998046875,0.10245170652518103
2026-05-08,24176.150390625,4720.39990234375,0.06356124436041878
2026-05-11,23815.849609375,4718.7001953125,-0.11087119290244206
2026-05-12,23379.55078125,4677.60009765625,-0.08028527237577802
2026-05-13,23412.599609375,4697.7001953125,-0.005002216375552632
2026-05-14,23689.599609375,4678.10009765625,-0.12931352044649252
